[
  {
    "id": "5a3b5984-d2b1-4645-af96-4c37e9ce9b4c",
    "data": [
      {
        "text": "Drink",
        "userDefined": false
      }
    ],
    "isTemplate": false,
    "count": 0,
    "lang": "en",
    "updated": 0
  },
  {
    "id": "bce7aa9d-b1eb-4b4c-9b32-74ee09803914",
    "data": [
      {
        "text": "Desert",
        "userDefined": false
      }
    ],
    "isTemplate": false,
    "count": 0,
    "lang": "en",
    "updated": 0
  },
  {
    "id": "a73bcec6-3721-465d-8b7b-4adc25092de8",
    "data": [
      {
        "text": "Desert and drinks",
        "userDefined": false
      }
    ],
    "isTemplate": false,
    "count": 0,
    "lang": "en",
    "updated": 0
  }
]