[
  {
    "id": "e6abe8e7-f021-4dab-bb18-83369a3ab096",
    "data": [
      {
        "text": "Ice cream",
        "userDefined": false
      }
    ],
    "isTemplate": false,
    "count": 0,
    "lang": "en",
    "updated": 0
  },
  {
    "id": "afd602f1-8e3d-4294-8e7d-76cf333d0175",
    "data": [
      {
        "text": "Soda",
        "userDefined": false
      }
    ],
    "isTemplate": false,
    "count": 0,
    "lang": "en",
    "updated": 0
  },
  {
    "id": "3ff9253c-e86e-4875-9478-4d19deec52ab",
    "data": [
      {
        "text": "Jamoons",
        "userDefined": false
      }
    ],
    "isTemplate": false,
    "count": 0,
    "lang": "en",
    "updated": 0
  },
  {
    "id": "a5c76f62-0b32-4dbe-8c46-99b7011c405f",
    "data": [
      {
        "text": "Tomato soup",
        "userDefined": false
      }
    ],
    "isTemplate": false,
    "count": 0,
    "lang": "en",
    "updated": 0
  },
  {
    "id": "211bb381-fc15-4faf-b37e-2835ec4527ae",
    "data": [
      {
        "text": "Paneer ",
        "userDefined": false
      },
      {
        "text": "tikka",
        "meta": "@sys.ignore",
        "userDefined": false
      }
    ],
    "isTemplate": false,
    "count": 0,
    "lang": "en",
    "updated": 0
  },
  {
    "id": "4551f1bb-40af-49da-ace4-9f31b981a360",
    "data": [
      {
        "text": "Veg samosa",
        "userDefined": false
      }
    ],
    "isTemplate": false,
    "count": 0,
    "lang": "en",
    "updated": 0
  }
]